76d1xp,15/10/2017 10:06:58
76e2i0,15/10/2017 10:09:21
76e2vz,15/10/2017 10:11:44
76f03t,15/10/2017 10:16:23
76cykc,15/10/2017 10:19:36
76cld3,15/10/2017 10:20:23
76el53,15/10/2017 10:21:00
76f0rv,15/10/2017 10:21:36
76e5gi,15/10/2017 10:23:20
76fowz,15/10/2017 10:24:27
76boap,15/10/2017 10:25:03
76g6jl,15/10/2017 10:25:55
76aqyl,15/10/2017 10:33:00
769l41,15/10/2017 10:33:48
7692e2,15/10/2017 10:34:34
7659na,15/10/2017 10:35:12
768maj,15/10/2017 10:36:11
7689bj,15/10/2017 10:37:23
766kso,15/10/2017 10:38:06
76ejzn,15/10/2017 11:07:29
76c3gm,15/10/2017 11:08:11
76gfds,15/10/2017 12:14:49
76f354,15/10/2017 12:15:31
76gsrn,15/10/2017 12:40:01
76gy10,15/10/2017 12:40:51
5smq0n,15/10/2017 14:13:36
59k3un,15/10/2017 14:14:18
447glm,15/10/2017 14:43:10
76hifu,15/10/2017 14:49:10
76gw1q,15/10/2017 14:52:14
76cghs,15/10/2017 15:13:43
76eqtu,15/10/2017 15:13:45
76h6rc,15/10/2017 15:14:03
76dh1d,15/10/2017 15:14:35
76bwl0,15/10/2017 15:14:49
769xh3,15/10/2017 15:20:17
76fwxa,15/10/2017 15:20:20
76encp,15/10/2017 15:20:28
76f7dz,15/10/2017 15:26:18
76ephj,15/10/2017 15:27:25
76eanz,15/10/2017 15:28:19
768w8r,15/10/2017 15:28:56
76bjro,15/10/2017 15:29:06
76bzuc,15/10/2017 15:29:15
76brq6,15/10/2017 15:29:26
765j5i,15/10/2017 15:30:01
76bkm1,15/10/2017 15:30:14
76hkoe,15/10/2017 15:38:36
76hk0c,15/10/2017 15:38:59
76hku2,15/10/2017 15:39:09
